Category,Lat,Long,Cases
Polio,33.4131,68.09326,25
Polio,33.4131,68.09326,80
Polio,32.54681,64.07227,37
Polio,33.65121,64.07227,14
Polio,33.93911,67.70995,26
Whooping Cough,36.73477,70.811995,350
Measles,35.16713,63.76954,6000
Measles,33.92513,66.26953,3013
Polio,34.0355327,70.57408859,10
Measles,26.41813,-0.60147,87
Measles,-11.24054,17.84369,2657
Measles,-11.12097,17.80746,1679
Measles,-13.000532,17.87389,16
Measles,-16.41808,18.80762,320
Measles,-14.92806,14.65878,35
Measles,-16.4905382,14.6223476,19
Measles,-7.17367,15.40681,45
Measles,-7.17367,15.40681,66
Polio,-11.236546,17.873887,24
Polio,-13.41099,16.78711,5
Measles,-34.60372,-58.38159,1
Measles,-34.60372,-58.38159,1
Whooping Cough,-38.4161,-63.61667,597
Whooping Cough,-23.805604,151.254637,65
Whooping Cough,-33.28462,144.31641,13167
Whooping Cough,-26.71617,122.10205,3597
Whooping Cough,-33.13755,146.42578,3722
Whooping Cough,-37.81355        ,144.95975,4606
Whooping Cough,-35.47347,149.01237,115
Whooping Cough,-37.56365,143.86719,218
Measles,-38.471308,140.785153,18
Measles,-27.672817,121.62831,2
Measles,-27.67282,121.62831,2
Measles,-30.253218,146.921099,1
Measles,-24.917574,145.902796,2
Measles,-27.47101,153.02345,3
Measles,-33.769464,150.908493,14
Measles,-37.471308,141.785153,16
Measles,-23.917574,141.702796,12
Measles,-32.253218,146.921099,29
Measles,-31.25322,146.9211,10
Measles,-20.917574,142.702796,1
Measles,-35.471308,144.785153,4
Measles,-29.532804,145.491477,1
Measles,-34.928621,138.599959,1
Measles,-19.491411,132.55096,1
Measles,-19.49141,132.55096,19
Measles,-30.000232,136.209155,2
Measles,-35.47347,149.01237,12
Measles,-34.92113,138.58377,1
Measles,-22.73591,140.018765,89
Measles,-37.96443,145.05598,2
Measles,-33.88305,151.11442,3
Measles,-34.06777,150.81319,22
Measles,-31.94725,115.86065,1
Measles,-31.94725,115.86065,1
Measles,-25.12539,144.22852,1
Measles,-31.25322,146.9211,2
Mumps,-31.25322,146.9211,15
Mumps,-41.39856, 146.49170 ,6
Measles,-34.92862,138.59996,3
Measles,-37.81411,144.96328,10
Measles,-27.61409,152.75847,35
Measles,-27.56433,151.95399,59
Measles,-26.62935,152.95936,1
Measles,-28.23696,153.5098,1
Mumps,-31.95301,115.85747,30
Measles,-33.08941,151.63696,4
Measles,-27.47101,153.02345,1
Measles,-41.36504        ,146.62849,8
Measles,-37.74181,144.90346,3
Measles,-26,121,39
Measles,-32.16,147,1
Measles,-37.80897,144.96527,2
Measles,-27.49543,153.01203,7
Whooping Cough,-35.28200,149.12868,270
Measles,47.264901,14.89393,37
Measles,47.07012,12.98584,35
Rubella,48.18074,15.46875,10
Measles,22.20001,90.216667,200
Measles,54.52128,26.94629,1
Measles,50.503887,4.469936,192
Measles,50.54529,4.30801,56
Measles,9.61429,2.35794,1001
Measles,9.30769,2.315834,85
Measles,43.91589,17.67908,4829
Measles,43.73935,18.3252,161
Measles,-22.32847,24.68487,1412
Measles,-23.54894,-46.63882,27
Measles,-8.81372,-36.95411,138
Whooping Cough,-7.71834,-42.72892,176
Whooping Cough,-23.50153,-47.45256,31
Whooping Cough,-12.59641,-41.71841,159
Whooping Cough,1.82334,-50.8499,11
Measles,-5.4983977,-39.3206241,916
Measles,42.733883,25.48583,958
Measles,40.733883,24.48583,131
Measles,42.79943,24.90051,2
Rubella,43.0167,25.92224,16
Other,12.238333,-1.561593,5118
Measles,11.938333,-1.761593,19000
Measles,13.238333,-1.161593,1258
Measles,12.860630,105.969988,1
Measles,7.369722,11.354722,1338
Measles,4.54357,12.91992,1305
Measles,8.369722,12.354722,160
Measles,4.04749,9.70637,111
Polio,4.85015,12.7002,4
Polio,7.36972,12.35472,5
Measles,6.56002,10.17033,148
Measles,55.93327,-117.5765,1
Measles,53.933271,-116.576504,4
Measles,53.54356,-113.49045,1
Measles,51.04532,-114.0581,36
Measles,51.06588,-114.09143,42
Measles,53.93327,-116.5765,31
Measles,53.726668,-127.647621,78
Measles,49.22949,-123.00258,4
Measles,49.37641,-121.81593,375
Measles,56.72638        ,-111.38034,1
Whooping Cough,55.17887,-126.12305,247
Whooping Cough,48.81057,-123.28215,22
Whooping Cough,51.04532,-114.05810,128
Whooping Cough,51.24841,"-112.99060
Measles,53.54356,-113.49045,1
Measles,43.32552,-79.79903,6
Measles,43.25002,-79.86609,1
Measles,53.76086,-98.81388,7
Measles,49.78640,-97.18144,2
Whooping Cough,45.50867,-73.55399,106
Whooping Cough,46.56532,-66.46192,548
Measles,46.51071,-63.41681,2
Whooping Cough,46.74719,-64.20199,24
Measles,43.32552,-79.79903,6
Measles,51.56341,-88.94531,1
Measles,43.67664,-79.78484,1
Measles,44.47165,-79.82967,1
Measles,43.02192, -79.89096 ,19
Mumps,51.253775,-85.323214,11
Measles,46.411572,-75.698194,6
Measles,47.411572,-75.698194,1
Measles,45.26090,-75.69719,4
Whooping Cough,45.42593, -75.68586 ,7
Measles,52.939916,-73.549136,36
Measles,53.939916,-73.549136,2
Measles,52.93992,-73.54914,776
Measles,46.64364, -72.14061 ,150
Measles,52.939916,-106.450864,6
Measles,53.70971,-106.43555,1
Measles,53.4982,-106.44,1
Measles,52.93992,-106.45086,6
Measles,52.13340,-106.68324,1
Measles,43.65323,-79.38318,1
Measles,43.64975,-79.39898,10
Measles,45.64477,-65.87402,3
Measles,53.72667,-127.64762,8
Measles,49.19000, -122.80000 ,11
Measles,45.47654,-75.70127,1
Measles,43.13264,-80.73906,2
Measles,42.98695,-81.24318,2
Measles,49.26667, -122.96667 ,4
Mumps,51.9399642,-73.549136,15
Mumps,43.54488,-80.25010,2
Mumps,49.261226,-123.113927,90
Mumps,50.116168,-122.959423,15
Whooping Cough,64.28233,-135.00001,5
Other,44.56903,-80.94056,1
Mumps,43.54480,-80.24817,14
Whooping Cough,44.13130,-81.15069,239
Whooping Cough,62.4506192,-114.415307,1
Whooping Cough,46.5653163,-66.4619164,47
Whooping Cough,53.7608608,-98.8138763,51
Measles,6.611111,20.939444,31
Polio,7.1336,20.99487,4
Measles,4.3617,18.55597,8
Measles,15.454166,19.17513,5832
Measles,13.60328,19.09424,8650
Measles,11.78133,21.79688,4
Measles,12.10480,15.04451,2511
Measles,12.45773,16.72346,193
Other,14.99999,18.732207,507
Polio,15.45417,18.73221,15
Polio,12.55456,16.61133,5
Whooping Cough,-33.04565,-71.62036,643
Measles,-35.675147,-71.542969,6
Measles,-33.44889,-70.66927,9
Polio,35.38905,85.60547,9
Measles,35.85121,104.51569,"131,441"
Measles,35.85121,104.51569,52461
Measles,35.85121,104.51569,3538
Measles,35.85121,104.51569,9943
Measles,35.74428,104.07074,2731
Measles,35.46067,91.75781,27646
Measles,35.86166,104.195397,35677
Measles,30.57099,113.68758,"79,499"
Other,25.04581,102.71000,15
Other,30.545861,114.341921,81
Measles,5.01806,-74.07583,7
Mumps,4.59806,-74.07583,323
Whooping Cough,4.570868,-73.49992,14
Whooping Cough,4.59806,-74.07583,589
Measles,8.39989,-5.54708,491
Measles,7.00189,-5.54708,47
Polio,7.44962,-5.71289,36
Measles,35.12641,33.42986,1
Measles,49.81749,15.47296,23
Measles,56.26392,9.50178,2
Measles,56.26392,9.50179,6
Other,56.26392,9.50179,1
Measles,56.26392 ,9.501785,9
Measles,56.26392 ,9.501785,8
Polio,-4.310395,15.371668,3
Measles,-2.41628,14.94141,4861
Measles,-12.1975,27.79778,60
Measles,-2.50409,20.61035,134042
Measles,-4,26,73844
Measles,-3.050001,26.45,75
Measles,-2.8800,23.656,81949
Measles,-4.64303,27.13182,76
Measles,-10.98333,26.73333,204
Measles,-8.88511,26.41939,"20,000"
Polio,-4.038333,21.758664,63
Polio,-3.25021,24.47754,93
Polio,-4.12389,24.73992,17
Measles,-8.885115,26.419389,"30,000"
Measles,-0.21217,-78.50538,169
Measles,-0.14648,-78.47519,203
Mumps,26.82055,30.8025,583
Measles,29.20317,25.51955,139
Measles,26.820553,30.802498,5000
Measles,52.35552,-1.17432,10
Measles,50.77721, -3.99946 ,2
Whooping Cough,52.47507, -1.82983 ,95
Whooping Cough,52.47507, -1.82983 ,135
Measles,1.650801,10.267895,300
Polio,1.65080,10.26789,5
Measles,58.59527,25.01361,3
Measles,9.14501,40.489673,3255
Measles,9.23953,40.58229,8261
Measles,9.19412,40.57191,4470
Measles,9.16591,40.51148,3100
Measles,9.14500,40.48967,3322
Measles,9.51359,37.39153,929
Other,5.34045,37.43879,31
Polio,6.66123,43.79085,6
Polio,4.17552,42.05770,1
Measles,5.32828,162.97273,2
Measles,-17.69939,178.07190,3
Other,-17.77484,177.83638,42
Rubella,-16.7199,178.065032,28
Other,-17.71337,178.06503,224
Measles,61.92411,25.74815,5
Measles,60.25117,24.0675,1
Measles,44.59047,-0.21973,859
Measles,46.227638,3.21453,14949
Measles,48.31818,7.44162,169
Whooping Cough,-16.5004126,-151.74149039999997,2
Measles,43.40233,45.71875,2668
Measles,42.31541, 43.35689 ,3191
Measles,41.71667, 44.78333 ,100
Measles,50.92554,10.76111,183
Measles,51.165691,10.451526,13
Measles,48.79045,11.49789,60
Measles,52.51917,13.40609,323
Mumps,48.790447,11.497889,115
Measles,52.523405,13.4114,62
Measles,52.49347,13.53756,849
Measles,53.55108,9.99368,216
Measles,50.111445,8.680615,45
Measles,50.94365,6.73491,29
Measles,49,8.4,1
Other,51.16569,10.45153,4
Measles,9.39398,-0.82372,3
Other,7.946527,-1.023194,96
Measles,36.137741,-5.345374,250
Measles,39.074208,21.824312,126
Mumps,13.444304,144.793731,142
Measles,13.44430,144.79373,1
Whooping Cough,13.46701,144.75082,11
Other,15.783471,-90.230759,4336
Other,10.16937,-9.86256,233
Measles,10.16937,-9.86256,129
Measles,12.00800, -14.75195 ,12
Polio,10.27709,-10.41504,3
Measles,9.945587,-9.696645,1013
Other,18.971187,-72.285215,33
Polio,20.593684,78.96288,5
Measles,27.25831,93.03759,30
Polio,22.98676,87.85498,1
Measles,23.25993,77.41262,50
Other,29.058776,76.085601,43
Other,29.06772,76.10916,14
Measles,34.149088,76.825965,5
Measles,28.57552,77.24195,29339
Polio,19.75148,75.71389,4
Whooping Cough,27.023804,74.217933,5
Measles,19.16667,83.41667,9
Measles,27.570589,80.098187,5
Measles,19.31496,84.79409,20
Measles,20.994481,86.111813,10
Polio,27.570589,80.098187,32
Measles,22.23421,82.04071,3
Measles,12.97160,77.59456,40
Measles,22.26776,70.79950,11
Measles,28.56562,77.24339,800
Other,22.71957        ,75.85773,15
Other,17.38504,78.48667,15
Measles,24.6348197,77.2979782,11
Polio,28.56562,77.24339,1
Rubella,-0.78928,113.92133,3
Measles,-2.28455,120.27832,21893
Measles,-8.40952,115.18892,6300
Other,-6.21154,106.84517,1
Polio,33.32500,44.42200,2
Measles,33.31281,44.36149,976
Measles,55.9845,-5.935594,60
Measles,53.581657,-5.935594,8
Measles,53.34399,-6.30615,139
Measles,53.41291,-8.24389,217
Measles,53.27854,-9.06046,15
Mumps,54.99661, -7.30857 ,2000
Mumps,31.046051,34.851612,4185
Measles,31.44741,34.9585,12
Measles,31.04605,34.85161,96
Mumps,31.99991,36.851612,105
Polio,31.24757,34.86119,7
Measles,41.87194,12.56738,5189
Measles,42.9725,12.40356,724
Measles,41.87194,12.56738,1642
Rubella,35.63944,136.53809,2353
Rubella,37.99616,140.05371,10102
Measles,39.26628,140.93262,293
Measles,36.20482,138.25292,119
Measles,36.20482,138.25292,1
Measles,43.71885,54.19707,317
Measles,47.45121,64.48289,212
Polio,-0.02356,37.90619,3
Polio,-0.023559,37.01231,13
Polio,0.05426,40.30837,14
Measles,-0.05725,37.83897,1279
Measles,1.58887,35.285,500
Measles,0.18359,35.12688,5
Measles,0.78333,34.71667,20
Measles,-1.08333,35.86667,346
Measles,-0.0418,37.94291,1374
Measles,3.62682,36.00232,21
Measles,42.09098, 74.15086 ,7031
Measles,40.53,72.8,7400
Polio,18.436292,104.472330,4
Measles,6.428055,-9.429499,1341
Measles,6.99813,-9.47343,2
Measles,6.51519,-10.30489,77
Measles,7.49526, -10.08073 ,11
Whooping Cough,4.72589, -7.74167 ,500
Measles,-29.60999,28.23361,2857
Mumps,41.608635,21.745275,16352
Measles,42.003812,21.452246,678
Polio,-20.0000,47.0000,1
Polio,-20.937637,44.878710,10
Measles,-13.254308,36.301525,77000
Measles,-13.28113,34.31228,533
Measles,-13.22942,34.32369,19
Measles,4.21048,101.97577,332
Measles,4.21048,101.97577,56
Measles,4.21048,101.97577,74
Measles,4.21048,101.97577,1569
Measles,4.21048,101.97577,1223
Measles,4.210484,101.975766,602
Polio,19.14517,-1.05469,7
Measles,17.570692,-3.996166,1990
Measles,17.58193,-3.92495,3086
Polio,12.6392316,-8.002889200000027,2
Measles,21.00789,-10.94084,863
Measles,21.018111,-101.25832,1
Measles,24.26694,-98.836275,2
Measles,31.74777,-115.66517,1
Measles,46.86250,103.84666,"17,850"
Measles,-18.6657,35.52956,2318
Polio,21.913965,95.956223,1
Measles,23.16056,97.91016,40
Polio,19.81009,93.98784,2
Measles,-17.7836,15.6994,30
Measles,-17.59793,16.81784,10
Measles,-22.97238,18.55453,2242
Measles,-22.95764,18.49041,2222
Measles,26.876192,85.80766,400
Measles,51.49403,3.84968,2016
Measles,52.13263,5.29127,2
Mumps,52.132633,5.291266,172
Measles,52.090142,4.065843,34
Whooping Cough,52.43878,6.50164,12868
Whooping Cough,-44.55916,170.2002,328
Measles,-36.87797,174.57962,75
Measles,-36.00846,175.01532,30
Measles,-40.6655,175.55555,104
Measles,-36.84846,174.76333,105
Rubella,-39.84846,174.65201,2
Whooping Cough,-43.754227,171.163725,15
Measles,-39.771162,177.04313,12
Whooping Cough,-41.27063,173.28397,67
Rubella,-35.579546,173.762405,1
Measles,-44.82801,169.63453,2
Measles,-45.48489,170.71489,1
Measles,-41.1339,174.8406,3
Measles,-45.80201,168.2309,3
Measles,-41.28643,174.77624,4
Measles,-38.05943,175.43756,281
Measles,-36.84846,174.76333,1
Measles,-40.35231,175.6082,3
Whooping Cough,-45.15267,169.89263,200
Whooping Cough,14.050776,-85.106437,70
Measles,17.607789,8.081666,352
Measles,13.512668,2.112516,1630
Polio,18.22935,10.45898,5
Polio,18.81272,11.51367,1
Polio,14.901,5.26667,1
Measles,17.607789,8.081666,109
Measles,9.05582,8.62667,9415
Measles,9.04361,8.64967,4800
Measles,8.000042,5.675277,14028
Measles,9.6874,7.64648,18843
Measles,11.7383,6.02051,471
Measles,11.67812,4.06955,229
Measles,8.9719,4.57031,36428
Measles,2.54756,9.01244,1260
Measles,4.867777,5.898714,9
Measles,9.32505,12.43806,17
Polio,10.00243,8.99999,3
Polio,9.34067,8.25348,62
Polio,10.51667,7.43333,121
Polio,12.12052,13.17403,51
Polio,9,9,26
Other,12.187141,11.706829,51
Other,9.187141,11.706829,322
Measles,9.0764785,7.398574,41
Measles,11.6781241,4.0695454,329
Measles,12.5139317,7.6114217,2781
Measles,60.47202,8.46895,33
Mumps,60.472024,8.468946,80
Measles,40.10000,124.40000,3
Polio,27.09825,66.18164,144
Polio,27.09825,66.18164,198
Polio,28.53627,67.23633,58
Polio,28.61346,63.7207,85
Polio,30.37532,69.34512,356
Measles,26.724409,67.769547,11
Measles,28.0332,64.73145,4386
Measles,28.24006,69.18523,45
Measles,34.95262,72.33111,648
Measles,25.81473,68.57666,20
Measles,25.8943,68.52471,43
Measles,25.82462,67.8186,246
Measles,25.2745,67.56592,2475
Measles,25.8943,68.52471,737
Measles,25.89430,68.52471,2
Measles,31.17041,72.70972,582
Measles,28.49073,65.09578,102
Measles,32.66748,69.85974,49
Measles,33.71815,73.06055,14
Measles,32.32024,70.27506,70
Measles,34.33333,73.20001,2
Measles,32.98374,70.29053,5
Measles,35.47824,72.5885,100
Measles,32.66748,67.8721,25
Measles,34.21722,71.55556,3
Measles,33.6058,73.04375,23
Measles,30.19019,71.45802,40
Measles,32.15001,74.18333,6
Measles,27.91677,67.0166,25401
Measles,30.2389,71.48666,5
Measles,33.63663,73.06732,59
Measles,31.17041,72.70972,146
Measles,31.47532,69.34512,1329
Measles,28.49073,65.09578,400
Measles,25.67849,68.50236,2
Rubella,24.75789,67.92614,100
Whooping Cough,29.03333,69.15,13
Measles,34.5654944,71.4774291,2
Polio,34.0149748,71.5804899,47
Measles,8.537981,-80.782127,3
Measles,-6.31499,143.95555,2
Measles,-4.98497,145.13758,1703
Measles,12.87972,121.77402,874
Measles,12.87972,121.77402,1485
Measles,12.87972,121.77402,672
Measles,13.546421,121.774017,1794
Measles,14.60905,121.02226,1724
Measles,10.3157,123.88544,11
Other,10.3157,123.88544,999
Measles,10.64074,122.96896,51
Measles,11.70611,122.36444,15
Measles,16.437496,121.07937,476
Measles,13.71004,122.31079,6538
Measles,12.87972,121.77402,58010
Measles,11.20363,122.56503,"2,231"
Measles,51.919438,19.145136,214
Measles,52.22968,21.01223,49
Rubella,52.50953,16.12793,5403
Rubella,53.35931,20.41955,39122
Measles,39.399872,-8.224454,1
Polio,-0.228021,15.827659,184
Measles,-4.26667,15.28333,900
Measles,45.94316,24.96676,4189
Measles,45.70618,26.08154,4154
Rubella,46.87521,25.75195,24272
Polio,61.52401,105.318756,7
Measles,48.70001,44.51667,100
Measles,54.603507,127.480172,55
Measles,44.82292,40.17545,11
Measles,46.354889,48.052719,17
Measles,46.36667,48.08333,148
Measles,43.40233,45.71875,25
Measles,55.17453,61.42668,38
Measles,56.83333,53.18333,6
Measles,42.14319,47.09498,120
Measles,55.98644,37.20211,20
Measles,55.75124,37.61842,136
Measles,54.78333,32.05,3
Measles,56.82418,53.19432,12
Other,54.70001,20.5,10
Measles,56.001251,92.88559,9
Measles,56.001251,92.88559,3
Measles,51.7634,35.38118,78
Other,55.755786,37.617633,930
Measles,68.99307,33.11845,2
Measles,57.18333,39.41667,21
Other,54.62466,39.738571,2304
Measles,58.05001,38.83333,9
Measles,60.07624,30.12138,31
Measles,45.05001,41.96667,27
Measles,55.18024,50.72639,720
Measles,51.65001,39.2,5
Measles,47.68532,41.82590,185
Measles,66.06531,76.93452,16
Measles,53.97934,47.77624,1
Measles,59.93428,30.33510,16
Measles,51.71840, 36.17648 ,219
Measles,50.58709,86.87345,32
Measles,42.14319,47.35316,526
Measles,57.16667,65.5,38
Measles,60.94312        ,76.54337,10
Measles,62.18730,92.66251,0
Measles,55.75583,37.61730,15
Measles,-2.662764,29.464359,2
Other,-13.91341,-171.73494,10
Measles,13.98738,-12.86499,560
Measles,14.4974,-14.45236,1429
Polio,15.497401,-14.452362,18
Measles,44.016521,21.005859,300
Mumps,45.26223,19.85186,119
Other,8.84165,-11.72241,10800
Measles,8.460555,-11.779889,351
Measles,8.76633,-10.89031,5
Measles,1.35208,103.81984,18
Measles,1.35208,103.81984,16
Measles,1.35208,103.81984,54
Measles,1.35208,103.81984,143
Measles,1.35208,103.81984,21
Measles,1.28009,103.85095,7
Measles,1.28009,103.85095,99
Measles,45.95498,13.6493,44
Measles,46.151241,14.995463,3
Rubella,-9.64571,160.15619,6
Measles,-9.43509,159.95124,3802
Measles,9.98699,45.29939,52
Measles,5.15215,46.19962,4288
Measles,5.152149,46.199616,17298
Measles,2.716667,44.516667,30
Measles,0.51556,42.07333,2350
Polio,2.03333,45.35001,183
Polio,2.03333,45.35001,5
Other,-29.85868, 31.02184 ,15
Measles,-30.50977,23.00168,24393
Measles,-32.84267,26.19141,2510
Measles,-30.55058,23.01833,36
Measles,-33.92487        ,21.85686,49
Measles,15.7661969,24.9042208,77
Measles,14.37827,24.904222,3000
Whooping Cough,15.7661969,24.9042208,410
Measles,12,30.75,70
Measles,8.927721,29.788925,91
Polio,8.53604,26.79678,3
Polio,9.2333333,29.8333333,1
Measles,5.97291,28.82956,20
Measles,10.07181,33.04635,6
Measles,40.463667,-3.74922,65
Measles,37.176487,-3.597929,46
Measles,42.19597,-4.83398,3802
Measles,37.85751,-2.8125,735
Measles,38.48584,-0.57129,178
Measles,39.69526,3.01757,12
Measles,41.59116,1.52086,102
Mumps,41.9818,2.8237,148
Mumps,43.55571,-5.92764,131
Mumps,43.18665,-5.91408,150
Mumps,42.49235,-8.37158,193
Rubella,41.04894,-0.13063,17
Rubella,41.37681,-4.57031,58
Other,41.59116,1.51224,1
Whooping Cough,40.4636670,-3.749220,4822
Measles,18.92283,32.13828,37
Measles,17.30869,29.9707,5616
Measles,12.0558,24.89041,4
Measles,14.37827,24.90422,2
Measles,12.00000,30.75000,1800
Whooping Cough,15.7662,24.90422,58
Measles,-26.522503,31.465866,281
Measles,60.12816,18.6435,32
Measles,59.26869,18.01208,10
Measles,59.55415, 16.53413 ,1
Rubella,60.41385,15.0293,51
Other,60.12816,18.64350,2
Measles,46.818188,8.227512,515
Measles,46.991313,7.536765,58
Measles,46.561313,6.536765,22
Measles,35.82688,36.69572,7000
Measles,34.80207,38.99681,13
Polio,35.33333,40.15001,17
Polio,36.12634,39.78783,1
Other,33.48006,36.30098,6
Other,33.4645624,36.32000909999999,9
Other,33.4702172,36.29968380,90
Measles,23.69781,120.960515,12
Rubella,23.009781,120.960515,1
Measles,25.091075,121.559834,3
Measles,23.69781,120.96052,2
Measles,23.69781,120.96051,26
Measles,25.06894,121.59090,7
Rubella,24.70940,121.39585,6
Rubella,22.82030, 120.63973 ,1
Other,23.697810,120.960515,1
Polio,38.861034,71.276093,430
Measles,-6.36903,34.88882,70
Measles,-6.369028,33.5646,650
Measles,-7.85794,34.64539,1086
Measles,8.619543,0.824782,295
Measles,-21.13333,-175.20000,400
Measles,41.00527,28.97696,80
Measles,39.92077,32.85411,6983
Whooping Cough,52.13066,-3.78371,2466
Whooping Cough,54.80068,-2.0874,1080
Other,52.019029,-0.770427,3
Rubella,51.08952,-1.21684,14
Rubella,53.09402,-1.58203,65
Mumps,51.746774,-2.225786,10
Mumps,53.26928,-4.321285,23
Mumps,50.370381,-4.142653,46
Mumps,50.798914,-1.091163,66
Mumps,52.469978,-3.830377,26
Mumps,56.490671,-4.202646,9
Mumps,54.577232,-2.797483,12
Mumps,50.942297,-0.037438,112
Mumps,53.217882,-0.19997,43
Mumps,52.063422,-0.449777,61
Mumps,56.41041,-5.469723,119
Mumps,53.969009,-2.627691,47
Mumps,53.480713,-2.234377,35
Mumps,51.260145,0.55528,10
Mumps,51.500152,-0.126236,4
Mumps,55.86424,-4.25181,30
Mumps,54.23611,-4.54806,196
Mumps,51.75202,-1.25773,3
Mumps,51.75279,-1.25519,18
Mumps,52.62847,-1.12085,847
Mumps,52.62847,-2.26231,364
Measles,55.378051,-3.435973,1049
Measles,53.238342,-2.563342,22
Measles,52.267135,-1.467522,12
Measles,52.469978,-3.830377,207
Measles,55.208254,-2.078414,110
Measles,50.63185,-3.38242,33
Measles,51.652929,-0.199606,8
Measles,53.799639,-1.549122,15
Measles,51.260145,0.84428,19
Measles,50.63185,-3.38242,275
Measles,50.819522,-0.13642,4
Measles,50.798914,-1.091163,1
Measles,52.281943,-1.584471,3
Measles,53.238342,-2.999342,2
Measles,53.473517,-2.913271,2
Measles,52.119508,5.194365,275
Measles,52.405837,-1.512661,3
Measles,52.377566,-1.481544,9
Measles,56.490671,-4.202646,22
Measles,51.45451,-2.58791,3
Measles,52.94084,-4.17169,53
Measles,51.50813,-0.12801,36
Measles,51.25934,0.82672,21
Measles,53.41154,-2.99012,413
Measles,53.47216,-2.2534,98
Measles,53.5572,-2.40255,3
Measles,50.92062,0.28831,325
Measles,55.58333,-3.83333,9
Measles,54.61045,-2.80289,30
Measles,51.65849,-3.97441,1219
Measles,53.58444,-2.42862,31
Measles,53.96901,-2.62769,59
Measles,55.36409,-3.44842,2016
Measles,51.74677,-2.22579,62
Measles,54.68364,-1.82018,434
Measles,52.13066,-3.78371,1257
Measles,51.66517,-3.77165,36
Measles,54.5503,-1.21659,2
Measles,54.06276,-2.87189,75
Measles,51.74677,-2.22579,62
Measles,54.98642,-1.41899,19
Measles,52.14309,-3.37368,41
Measles,50.89362,-0.20681,2
Measles,56.23114,-4.46045,66
Measles,56.20821,-3.14952,19
Measles,51.51121,-0.11982,103
Measles,51.51121,-0.11982,62
Measles,54.77525,-1.58485,1
Measles,52.35552,-1.17432,1385
Measles,53.47932,-2.24849,36
Measles,53.38113,-1.47009,12
Measles,52.36799,-1.12085,70
Measles,55.37805,-3.435973,707
Measles,52.62847,-2.26231,11
Measles,51.61995,-3.81420,2
Measles,50.77721,-3.99946,1
Measles,51.63495,-3.9153,5
Measles,52.13066,-3.78371,543
Measles,40.714353,-74.005973,2
Measles,37.09024,-95.712891,98
Measles,30.61118,-90.00299,1
Whooping Cough,30.69537,-88.03989,15
Whooping Cough,64.83778,-147.71639,130
Measles,64.83778,-147.71596,1
Whooping Cough,34.04893,-111.09373,12000
Whooping Cough,33.44838,-112.07404,1
Measles,34.04893,-111.09373,1
Measles,33.44838,-112.07404,1
Measles,35.03130,-110.47163,7
Whooping Cough,33.240560,-109.283153,8
Measles,35.20523,-91.82562,2
Measles,36.778261,-119.417932,28
Measles,34.17053,-118.53234,2
Measles,37.05134,-122.0733,2
Measles,37.85341,-121.9018,4
Measles,33.95335,-117.39616,3
Measles,37.56299,-122.32553,5
Measles,37.60169,-121.71955,4
Measles,34.38718,-118.11227,10
Measles,37.35411,-121.95524,1
Measles,36.60024,-121.89468,2
Measles,33.71747,-117.83114,22
Measles,35.49373,-118.85968,1
Measles,32.71533,-117.15726,6
Measles,33.94159,-118.40853,4
Measles,33.81049,-117.91900,129
Measles,34.95921,-116.41939,3
Measles,37.87159,-122.27275,1
Measles,40.56811,-74.59502,1
Whooping Cough,39.9652553,-74.3118212,3
Measles,38.75408,-96.06445,175
Mumps,36.778261,-119.7932,9
Mumps,37.87533,-122.24556,29
Whooping Cough,36.778261,-119.417932,1496
Whooping Cough,36.888261,-119.417932,5270
Whooping Cough,36.99954,-119.417932,1
Whooping Cough,36.778261,-119.417932,5
Whooping Cough,34.2642,-119.417932,4100
Whooping Cough,37.467380,-126.339112,10831
Whooping Cough,37.91759, -121.17104 ,23
Other,37.76922,-122.44814,1
Measles,41.14084,-73.26126,2
Measles,41.32669,-72.80428,1
Other,39.550051,-105.782067,5
Whooping Cough,40.01499,-105.27055,37
Whooping Cough,39.64026,-106.3742,1510
Whooping Cough,40.53713,-102.34639,14
Whooping Cough,40.5266,-104.48,116
Measles,39.52806,-104.86972,2
Measles,39.64026,-106.37420,1
Measles,38.92028,-77.03344,2
Measles,39.29067,-75.63437,1
Whooping Cough,39.14406,-75.43447,48
Measles,39.53930,-75.66736,1
Measles,27.664827,-81.015754,1
Measles,27.664827,-81.515754,5
Measles,28.71317,-81.20782,2
Measles,26.1901,-80.36586,1
Measles,28.53834,-81.37924,1
Measles,28.34263,-81.52640,1
Measles,27.69477, -80.54384 ,5
Whooping Cough,26.1901,-80.36586,4
Whooping Cough,27.99036,-82.30177,40
Other,27.664827,-81.515754,41
Whooping Cough,32.157435,-82.907123,247
Measles,32.17507,-82.85450,1
Measles,34.23585, -84.14351 ,1
Measles,36.90194,-89.82361,1
Measles,19.89677,-155.58278,1
Measles,22.0833,-159.5000,12
Whooping Cough,44.068202,-114.742041,77
Whooping Cough,42.58364,-112.14302,1
Whooping Cough,43.47877,-116.24203,287
Mumps,46.72881,-117.01261,10
Mumps,43.61871,-116.21461,21
Whooping Cough,42.30401,-88.4016,313
Whooping Cough,38.90414,-89.92532,19
Measles,40.38851,-90.6773,2
Measles,39.78172, -89.65015 ,15
Whooping Cough,39.0108,-89.7878,24
Mumps,40.11059,-88.20727,100
Mumps,40.5352293,-89.01434819999997,16
Mumps,40.484864 ,-88.975651,3
Mumps,40.101952,-88.22716200000002,101
Measles,40.55122,-85.0236,5
Measles,40.551217,-85.602364,14
Measles,40.01062,-86.49965,16
Measles,39.1763,-86.53437,1
Measles,39.18514,-86.49965,1
Whooping Cough,40.551217,-85.602364,500
Whooping Cough,38.60561,-86.10109,3
Other,39.41654,-87.42075,100
Measles,43.14507,-95.14432,1
Measles,41.878003,-93.097702,1
Whooping Cough,41.88618,-93.11531,270
Mumps,41.66990,-91.59840,15
Measles,37.97169,-100.87266,6
Measles,38.845412,-94.852064,2
Measles,38.84541,-94.85206,27
Whooping Cough,38.97167,-95.23525,6
Whooping Cough,38.84541,-94.85206,491
Whooping Cough,38.36138,-98.76515,1
Whooping Cough,38.36138,-98.76515,27
Whooping Cough,37.95696,-98.04652,41
Whooping Cough,39.0186719,-84.58188799999999,9
Whooping Cough,44.76504,-69.71938,80
Whooping Cough,43.38453,-70.54399,6
Measles,45.253783,-69.445469,1
Measles,39.045755,-76.641271,4
Measles,39.04575,-76.64127,2
Whooping Cough,39.03665,-76.64612,133
Mumps,39.34624,-76.61818,12
Measles,42.407211,-71.3002437,10
Measles,42.407211,-71.382437,2
Mumps,42.358431,-71.059773,9
Measles,42.36009,-71.09416,1
Measles,42.27929,-71.41616,2
Measles,42.46721,-71.28742,2
Measles,42.12204,-72.60092,1
Measles,42.32509,-72.64120,1
Measles,42.35000,-71.08180,1
Whooping Cough,42.32509,-72.6412,52
Whooping Cough,41.7200,-70.2500,17
Measles,44.314844,-85.602364,1
Measles,42.59219,-83.33619,1
Measles,44.26413,-85.63602,2
Measles,44.68798,-85.51384,2
Measles,42.59106,-83.32700,1
Other,44.314844,-85.602364,3
Whooping Cough,44.314844,-85.602364,600
Whooping Cough,44.97304,-85.17691,1
Whooping Cough,44.7300Â°,-85.5500,81
Whooping Cough,42.59387,-85.90844,26
Whooping Cough,45.15382,-94.6859,46
Whooping Cough,45.63014,-94.01909,14
Whooping Cough,43.99518,-92.38136,98
Whooping Cough,45.02089,-93.50946,654
Whooping Cough,45.02089,-93.50946,4433
Whooping Cough,44.4100,-92.7200,11
Measles,44.979965,-93.263836,21
Measles,46.72955,-94.6859,21
Measles,45.02089,-93.50946,2
Measles,44.95370,-93.08996,21
Measles,45.01632,-93.71910,1
Measles,39.09973,-94.57857,11
Measles,44.97399,-93.22773,1
Whooping Cough,37.20896,-93.2923,4
Mumps,38.94038,-92.3277,6
Other,39.09973,-94.57857,2
Whooping Cough,48.42415,-114.15315,36
Whooping Cough,46.55886,-110.36257,355
Whooping Cough,45.78566,-108.43438,6
Whooping Cough,48.42415,-114.15315,225
Whooping Cough,47.49418,-111.28334,423
Measles,41.26570,-96.10507,1
Mumps,42.499198,-98.374572,20
Whooping Cough,40.81056,-96.68028,110
Whooping Cough,36.07956,-115.09405,22
Whooping Cough,41.1300,-115.3500,14
Measles,36.07956,-115.09405,9
Measles,38.77692, -114.85384 ,1
Measles,40.058324,-74.405661,4
Measles,40.57427,-74.60988,3
Measles,40.21705,-74.74294,1
Measles,40.66871,-74.11431,1
Measles,39.80559, -74.55947 ,2
Measles,40.53012,-74.31693,1
Mumps,40.05832,-74.40566,1
Whooping Cough,40.08213,-74.2097,14
Whooping Cough,40.3571,-74.6702,3
Mumps,40.08213,-74.2097,unknown
Measles,34.97273,-105.032364,1
Whooping Cough,34.51994,-105.87009,112
Whooping Cough,35.1107,-106.60999,331
Measles,34.52452,-105.87962,1
Measles,36.57060,-106.65755,1
Whooping Cough,34.5751567,-103.2663479,13
Whooping Cough,43.31195,-78.74762,15
Whooping Cough,40.84288,-73.29289,1288
Whooping Cough,43.02163,-78.96573,13
Measles,40.714353,-74.005973,11
Measles,40.714353,-73.995973,2
Measles,40.714353,-74.025973,1
Measles,40.714353,-74.15973,1
Measles,40.714353,-73.005973,1
Measles,40.65001,-73.95001,6
Measles,41.86438,-74.32843,1
Measles,40.70645,-73.95362,58
Measles,40.84700,-73.93732,26
Measles,40.65000,-73.95000,1
Measles,41.73379,-74.51543,3
Mumps,40.714353,-74.1505973,57
Mumps,40.71435,-74.00597,3502
Whooping Cough,44.44731,-74.93021,11
Measles,42.72841,-73.69179,1
Measles,42.65258,-73.75623,1
Whooping Cough,40.6781784,-73.9441579,109
Whooping Cough,43.16103,-77.6109219,1
Whooping Cough,43.0102323,-78.1815803,7
Whooping Cough,36.01174,-79.42538,82
Whooping Cough,35.77959,-78.63818,326
Whooping Cough,35.59314,-82.47528,19
Whooping Cough,35.21905,-83.04153,5
Mumps,35.759573,-79.0193,1
Measles,36.0263,-79.10969,23
Measles,35.76978,-78.9941,3
Measles,35.58486,-80.81007,1
Whooping Cough,47.55149,-101.00201,30
Whooping Cough,47.55149,-101.00201,58
Whooping Cough,47.55149,-101.00201,70
Whooping Cough,47.55149,-101.00201,179
Whooping Cough,40.417287,-82.907123,36
Whooping Cough,39.89121,-83.67739,901
Whooping Cough,40.36116,-83.75966,10
Whooping Cough,39.1000,-84.5167,20
Mumps,39.96118,-82.99879,483
Measles,40.45956,-82.30177,382
Measles,36.14500, -97.00684 ,1
Whooping Cough,43.80413,-120.5542,458
Whooping Cough,36.26615,-94.47998,29
Whooping Cough,36.25473,-94.47998,8
Whooping Cough,44.55211, -123.28839 ,2
Measles,44.84464,-122.59274,6
Measles,43.80413,-120.5542,5
Measles,44.17009,-120.02849,1
Measles,40.371376,-77.240515,5
Measles,40.4108,-75.24791,4
Measles,39.95233,-75.16379,1
Measles,40.44062,-79.99589,5
Measles,40.45369,-80.01211,3
Measles,40.58879,-77.56806,1
Whooping Cough,40.44508,-80.00877,46
Whooping Cough,40.03699, -75.37620 ,8
Whooping Cough,39.95125,-76.73365,3
Mumps,41.203322,-77.194525,9
Mumps,40.43918,-79.98966,5
Whooping Cough,40.44508,-80.00877,140
Whooping Cough,41.53508,-78.52238,32
Whooping Cough,40.44062,-79.99589,11
Measles,41.580095,-71.477429,1
Measles,41.82399,-71.41283,1
Whooping Cough,34.90462,-82.64834,2
Whooping Cough,34.90462,-82.64834,30
Whooping Cough,43.969515,-99.901813,17
Whooping Cough,44.49082,-103.85937,10
Measles,43.70943,-98.02980,13
Measles,43.54460, -96.73110 ,1
Measles,43.70943, -98.02980 ,13
Measles,35.517491,-86.580447,2
Measles,36.20852,-86.60664,5
Measles,31.968599,-99.901813,1
Measles,29.77518,-95.31025,1
Measles,32.7732,-97.35166,15
Measles,32.72541,-97.32085,16
Measles,32.78014,-96.80045,1
Measles,-12.59641,-41.71841,2
Measles,32.7732,-97.35166,1
Mumps,31.968599,-99.001424,1
Whooping Cough,31.13268,-97.52993,32
Whooping Cough,30.26382,-97.77139,3482
Whooping Cough,33.0198431,-96.6988856,2
Whooping Cough,41.756,-113.1918,7
Whooping Cough,41.53801,-111.57068,96
Whooping Cough,40.96288,-112.09533,1497
Whooping Cough,40.82976, -110.99835 ,63
Measles,39.32098,-111.09373,4
Measles,41.756,-111.76147,6
Measles,39.32098,-111.09373,1
Measles,39.66547,-110.08513,3
Measles,39.32098,-111.09373,1
Whooping Cough,41.26026,-111.95225,748
Whooping Cough,44.5588,-72.57784,632
Measles,37.431573,-78.656894,6
Measles,37.431573,-78.656894,3
Measles,38.95061,-77.40770,2
Measles,38.90855,-77.24052,1
Mumps,37.54072,-77.43605,15
Whooping Cough,36.94463,-80.32131,32
Whooping Cough,37.41375,-79.14225,1
Whooping Cough,38.90855,-77.24052,4
Whooping Cough,36.89494,-82.11608,18
Measles,38.908547,-77.240515,1
Whooping Cough,38.0567092,-78.6114999,1
Whooping Cough,47.751074,-120.740139,2
Whooping Cough,47.44732,-122.45985,1987
Whooping Cough,47.19356,-119.29864,13
Whooping Cough,48.19765,-122.57946,42
Whooping Cough,48.4242,-121.71144,433
Whooping Cough,48.033,-121.83395,408
Whooping Cough,47.28668,-119.28955,4783
Whooping Cough,46.23698, -118.58548 ,28
Measles,47.56541,-122.00357,2
Measles,46.1746472,-122.7746902,1
Measles,47.60621,-122.33207,2
Measles,47.75107,-120.74014,12
Measles,47.54803,-121.9836,8
Measles,47.54803,-121.9836,2
Measles,47.44443,-122.30050,1
Measles,47.59180,-122.25911,2
Measles,47.58068,-122.05587,5
Measles,47.65878, -117.42605 ,1
Measles,48.04051,-124.01677,1
Whooping Cough,38.5976262,-80.4549026,52
Measles,43.78444,-88.78787,3
Measles,43.78444,-88.78787,2
Mumps,43.07305,-89.40123,5
Whooping Cough,44.85045,-89.8505,1078
Whooping Cough,44.85045,-89.8505,100
Whooping Cough,44.75089,-92.38136,3
Whooping Cough,43.78444,-88.78787,814
Whooping Cough,44.26193,-88.41538,5923
Whooping Cough,44.38358,-89.81735,31
Other,0.61522,32.95898,20
Measles,1.38963,32.25543,1313
Measles,1.34158,32.32607,1216
Measles,1.37333,32.29028,112
Measles,0.78001,32.09106,3312
Measles,-0.1964,30.84425,38
Measles,1.43194,31.3525,159
Measles,3.03001,30.91,5
Measles,0.76825,31.07766,10
Measles,1.37333,32.29028,44
Measles,49.83968,24.02972,1112
Measles,50.4501,30.5234,10329
Measles,48.015883,37.80285,20
Measles,49.41097,26.08154,1952
Measles,49.99350,36.23038,47
Rubella,49.839683,24.029717,18
Polio,48.62080,22.28788,2
Polio,48.379433,31.165579999999977,2
Measles,14.05832,108.27720,3300
Measles,14.058324,108.277199,1
Mumps,22.27594,104.19309,50
Measles,14.05832,108.27720,3688
Rubella,11.32540,106.47702,29
Measles,21.30149,106.62913,888
Measles,16.847653,43.943679,157
Measles,15.35203,44.20746,3800
Measles,-13.9234,25.65308,13324
Measles,-13.1339,27.84933,10
Measles,-13.133897,27.849332,68
Measles,-13.09051,27.8421,15736
Measles,-13.09051,27.8421,26
Measles,-13.09954,27.85858,111
Measles,-13.805619,31.992808,6
Measles,-12.80383,28.21314,53
Other,-12.55824,28.28482,2094
Other,-14.38343,28.39294,204
Measles,-6.846813,39.271016,8173
Measles,-17.82922,31.053961,154
Measles,-19.01579,29.13239,9993
Measles,-20.65335,29.83887,524
Measles,-19.06163,29.15308,2
Measles,-22.070708,30.388184,70
Other,-17.82922,31.05396,207
Other,-18.47961,29.35547,3000
Other,-17.90361,30.94389,5
Attacks,33.94511,66.6534213,0
Attacks,33.9340383,67.7034312,3
Attacks,34.171831,70.621679,0
Attacks,3.8480325,11.502075200000035,0
Attacks,7.539381,-5.543922,0
Attacks,20.593684,78.962880,0
Attacks,24.8600,67.0100,0
Attacks,31.14713,75.34122,0
Attacks,-1.29207,36.82195,0
Attacks,9.5,8.8,0
Attacks,12.099305,8.753624,0
Attacks,9.9,8.7,0
Attacks,9.4,9.7,0
Attacks,10,9,0
Attacks,9.3,8.4,0
Attacks,9.077751,8.6774567,3
Attacks,10.077751,9.6774567,9
Attacks,9.077751,8.6774567,9
Attacks,28,68,0
Attacks,31.391158,71.641846,0
Attacks,33,72,0
Attacks,32.8,71.4,0
Attacks,28,64,0
Attacks,27,68,0
Attacks,29,70,0
Attacks,31.128199,72.147217,0
Attacks,30.14,69,0
Attacks,28.7,69.45,0
Attacks,29.99,70.5,0
Attacks,32,74,0
Attacks,33.266250,72.872314,0
Attacks,26,68,0
Attacks,24.995,70.4,0
Attacks,32,73,0
Attacks,28,65,0
Attacks,26,64,0
Attacks,28,65,0
Attacks,30,70,0
Attacks,25,68,0
Attacks,28,70,0
Attacks,31,69,0
Attacks,31,73,0
Attacks,34.856902,71.429936,0
Attacks,32.667476,69.859741,0
Attacks,24.861462,67.009939,0
Attacks,33.7167,73.0667,0
Attacks,24.88,66.97,0
Attacks,33.6667,73.1667,0
Attacks,30.1833,67,0
Attacks,34.0511024,72.0961149,0
Attacks,28.809516,63.909960,2
Attacks,28.4776626,65.569057,1
Attacks,25.0111453,67.0647044,1
Attacks,25.0111453,68.0647044,2
Attacks,33.639718,70.803416,11
Attacks,34.802470,71.880076,7
Attacks,26.591938,64.547167,2
Attacks,34.132210,72.099803,1
Attacks,29.3894007,68.3532207,1
Attacks,33.676296,71.880076,2
Attacks,33.217951,72.824900,3
Attacks,32.849537,73.176463,2
Attacks,32.775670,73.396189,1
Attacks,25.387182, 69.578905,1
Attacks,28.3894007,67.3532207,20
Attacks,32.238300,73.725779,3
Attacks,32.145326,73.571971,3
Attacks,28.3894007,66.3532207,9
Attacks,31.491860,73.967478,3
Attacks,28.3894007,68.3532207,2
Attacks,29.3894007,67.3532207,24
Attacks,30.3894007,70.3532207,9
Attacks,31.078753,72.011912,2
Attacks,31.003449,71.484568,1
Attacks,29.427576,72.033885,2
Attacks,28.771003,70.963182,1
Attacks,26.218013,69.315233,1
Attacks,31.3894007,70.3532207,1
Attacks,24.630512, 68.348436,4
Attacks,34.5,71.333,3
Attacks,34.794391,74.529788,6
Attacks,30,67,7
Attacks,34.221934,71.568272,2
Attacks,31.4483653,73.0740166,1
Attacks,34.0511024,72.0961149,2
Attacks,31.59861, 69.19239 ,4
Attacks,34.95262,72.33111,0
Attacks,30.18297,66.99873,1
Attacks,35.49203, 72.52048 ,0
Attacks,34.33388,73.20106,3
Attacks,31.31333,68.17722,2
Attacks,24.86146,67.00994,2
Attacks,34.0511024,72.0961149,0
Attacks,28.4907332,65.09577919999992,0
Attacks,34.02110,71.28742,1
Attacks,32.6044506,70.91306839999993,0
Attacks,34.7736465,72.35990029999993,0
Attacks,34.9526205,72.33111299999996,0
Attacks,24.861462,67.009939,0
Attacks,24.861462,67.009939,0
Attacks,34.856902,71.429936,1
Attacks,24.8614622,67.0099388,0
Attacks,33.70777,71.00238,0
Attacks,30.1829713,66.998734,0
Attacks,34.0149748,71.5804899,0
Attacks,24.8614622,67.0099388,0
Attacks,34.14422,72.37847,1
Attacks,34.33388,73.20106,3
Attacks,31.17041,72.70972,3
Attacks,32.26454,68.52471,0
Attacks,4.8,46.5,3
Attacks,5.1632866,0,1
Attacks,4.1632866,47.2037009,1
Attacks,8.40000, 48.48333 ,12
Attacks,35.933333,36.633333,15
Attacks,34.8158524,39.0464523,4
Attacks,15.550738,48.514391,0
Attacks,15.532815,48.494457,9
